{"train_loss": [0.00040118422475643456, 0.00030312116723507643, 0.00030312122544273734, 0.0003031211963389069, 0.0003031211963389069, 0.00030312122544273734, 0.0003031211963389069, 0.0003031211963389069], "lr": [0.09999953210353851, 0.09999953210353851, 0.09999953210353851, 0.09999953210353851, 0.09999953210353851, 0.09999953210353851, 0.09999953210353851, 0.09999953210353851]}