{"train_loss": [0.014019564725458622, 0.0012362893903627992, 0.0010663220891728997, 0.0008579900022596121, 0.0008146400796249509], "lr": [0.09999951720237732, 0.09999951720237732, 0.09999951720237732, 0.09999951720237732, 0.09999951720237732]}