{"train_loss": [0.009013483300805092, 0.0007887951796874404, 0.0003175015444867313, 0.0005644902121275663, 0.00072579609695822], "lr": [0.09999951720237732, 0.09999951720237732, 0.09999951720237732, 0.09999951720237732, 0.09999951720237732]}