{"train_loss": [0.00046556905726902187, 0.0003031211963389069, 0.00030312122544273734, 0.0003031211963389069, 0.0003031211963389069, 0.00030312122544273734, 0.0003031211963389069, 0.0003031211963389069, 0.00030312122544273734, 0.00030312122544273734, 0.0003031211963389069, 0.0003031211963389069, 0.0003031211963389069], "lr": [0.09999953210353851, 0.09999953210353851, 0.09999953210353851, 0.09999953210353851, 0.09999953210353851, 0.09999953210353851, 0.09999953210353851, 0.09999953210353851, 0.09999953210353851, 0.09999953210353851, 0.09999953210353851, 0.08999956399202347, 0.07999961078166962]}