{"train_loss": [0.014067208394408226], "lr": [0.09999951720237732]}