{"train_loss": [0.019428856670856476, 0.004942956380546093, 0.028286918997764587, 0.008512764237821102, 0.008345578797161579, 0.007042988203465939], "lr": [0.009999999776482582, 0.009999999776482582, 0.009999999776482582, 0.009999999776482582, 0.009896907024085522, 0.009793814271688461]}