{"train_loss": [0.39128372073173523], "lr": [0.009999999776482582]}