{"train_loss": [0.008895634673535824, 0.010770853608846664, 0.006701011676341295, 0.006691422313451767, 0.0055377297103405, 0.005502709187567234, 0.004647788591682911, 0.004636379890143871, 0.004723652731627226], "lr": [0.009999999776482582, 0.009999999776482582, 0.009999999776482582, 0.009999999776482582, 0.009896907024085522, 0.009793814271688461, 0.009690721519291401, 0.00958762876689434, 0.00948453601449728]}