{"train_loss": [0.2472764402627945], "lr": [0.009999999776482582]}