{"train_loss": [0.24716931581497192], "lr": [0.009999999776482582]}