{"train_loss": [12.318552017211914], "lr": [0.009999999776482582]}