{"train_loss": [0.0013874380383640528, 0.0008606939227320254, 0.0004985895939171314, 0.0004641850246116519, 0.0004346449568402022], "lr": [0.009999999776482582, 0.009999999776482582, 0.009999999776482582, 0.009999999776482582, 0.004999999888241291]}