{"train_loss": [0.0019196352222934365, 0.00044946838170289993], "lr": [0.09999951720237732, 0.09999951720237732]}