{"epoch": 19, "_runtime": 230286, "_timestamp": 1642546629, "_step": 117701, "step": 117620, "batch_training_loss": 0.00048678606981411576, "epoch_validation_ENS": 0.3168288661108272, "trainer/global_step": 112019, "epoch_validation_mad": 0.257899519076036, "epoch_validation_ssim": 0.518811504132894, "epoch_validation_ols": 0.3450218200054167, "epoch_validation_emd": 0.2549860348554298, "epoch_training_loss": 0.0005588759668171406, "lr": 0.0003000000142492354}