{"train_loss": [0.003452805569395423], "lr": [0.09999951720237732]}