{"train_loss": [0.006005140952765942, 0.0004133927868679166, 0.00034548211260698736, 0.0005867123836651444, 0.0003771112533286214, 0.0003199260972905904, 0.0003075894492212683, 0.00029738846933469176, 0.0002986876934301108, 0.00029654428362846375], "lr": [0.09999953210353851, 0.09999953210353851, 0.09999953210353851, 0.09999953210353851, 0.09999953210353851, 0.09999953210353851, 0.09999953210353851, 0.09999953210353851, 0.09999953210353851, 0.09999953210353851]}