{
    "train_loss": [
        0.0005115653621032834,
        0.0007654133369214833
    ],
    "lr": [
        0.009999999776482582,
        0.009999999776482582
    ]
}