{"train_loss": [0.0019196351058781147, 0.0004394896677695215], "lr": [0.09999951720237732, 0.09999951720237732]}